SKU,Brand,Product Name,Our Price,Retail/OEM Price,Money Saving,ProductURL,Compatible Printer Models List
"TONER-KONICA-MINOLTA-2400-C","KONICA-MINOLTA","Test","20.99","","","http://www.compandsave.com/ProductDetails.asp?ProductCode=TONER-KONICA-MINOLTA-2400-C",""
"TONER-KONICA-MINOLTA-2400-CTON","KONICA-MINOLTA","Test","21.99","","","http://www.compandsave.com/ProductDetails.asp?ProductCode=TONER-KONICA-MINOLTA-2400-CTON",""
"TONER-KYOCERA-MITA-TK60","KYOCERA-MITA","Test","21.99","","","http://www.compandsave.com/ProductDetails.asp?ProductCode=TONER-KYOCERA-MITA-TK60",""
"ZINK-HP-HP-95-98-Combo3","HP","Hewlett Packard HP 98 (C9364WN) 2-PK Black & HP 95 (C8766WN) 1-PK Tri Color (Combo Pack of 3) Replacement Ink Cartridge","21.99","35.99","14","http://www.compandsave.com/ProductDetails.asp?ProductCode=ZINK-HP-HP-95-98-Combo3","HP DesignJet 5940,HP DesignJet 5940xi,HP DeskJet 5940,HP DeskJet 5940xi,HP OfficeJet 6310,HP OfficeJet 6310v,HP OfficeJet 6310xi,HP PhotoSmart 2570,HP PhotoSmart 2575,HP PhotoSmart 2575v,HP PhotoSmart 2575xi,HP PhotoSmart 8050,HP PhotoSmart C4100,HP PhotoSmart C4110,HP PhotoSmart C4140,HP PhotoSmart C4150,HP PhotoSmart C4180,HP PhotoSmart C4183,HP PhotoSmart C4188,HP PhotoSmart D5060,HP PhotoSmart D5065,HP PhotoSmart D5069,HP PhotoSmart D5145,HP PhotoSmart D5155,HP PhotoSmart D5160"
"ZINK-HP-HP-95-98-Combo5","HP","Hewlett Packard HP 98 (C9364WN) 3-PK Black & HP 95 (C8766WN) 2-PK Tri Color (Combo Pack of 5) Replacement Ink Cartridge","34.9","55.99","21.09","http://www.compandsave.com/ProductDetails.asp?ProductCode=ZINK-HP-HP-95-98-Combo5","HP DesignJet 5940,HP DesignJet 5940xi,HP DeskJet 5940,HP DeskJet 5940xi,HP OfficeJet 6310,HP OfficeJet 6310v,HP OfficeJet 6310xi,HP PhotoSmart 2570,HP PhotoSmart 2575,HP PhotoSmart 2575v,HP PhotoSmart 2575xi,HP PhotoSmart 8050,HP PhotoSmart C4100,HP PhotoSmart C4110,HP PhotoSmart C4140,HP PhotoSmart C4150,HP PhotoSmart C4180,HP PhotoSmart C4183,HP PhotoSmart C4188,HP PhotoSmart D5060,HP PhotoSmart D5065,HP PhotoSmart D5069,HP PhotoSmart D5145,HP PhotoSmart D5155,HP PhotoSmart D5160"
"ZINK-HP-HP-96-97-Combo2","HP","Hewlett Packard HP 96 (C8767WN) Black & HP 97 (C9363WN) Tri Color (Combo Pack of 2) Replacement Ink Cartridge","14.98","25.99","11.01","http://www.compandsave.com/ProductDetails.asp?ProductCode=ZINK-HP-HP-96-97-Combo2","HP DesignJet 5940,HP DesignJet 5940xi,HP DeskJet 5740,HP DeskJet 5740xi,HP DeskJet 5743,HP DeskJet 5745,HP DeskJet 5748,HP DeskJet 5940,HP DeskJet 5940xi,HP DeskJet 6520,HP DeskJet 6520xi,HP DeskJet 6540,HP DeskJet 6540dt,HP DeskJet 6540xi,HP DeskJet 6620,HP DeskJet 6620xi,HP DeskJet 6830,HP DeskJet 6830v,HP DeskJet 6840,HP DeskJet 6840dt,HP DeskJet 6840xi,HP DeskJet 6940,HP DeskJet 6940dt,HP DeskJet 6980,HP DeskJet 6980dt,HP DeskJet 6988,HP DeskJet 6988dt,HP DeskJet 9800,HP DeskJet 9800d,HP OfficeJet 7210,HP OfficeJet 7210v,HP OfficeJet 7210xi,HP OfficeJet 7310,HP OfficeJet 7310xi,HP OfficeJet 7410,HP OfficeJet 7410xi,HP PhotoSmart 2605,HP PhotoSmart 2608,HP PhotoSmart 2610,HP PhotoSmart 2610v,HP PhotoSmart 2610xi,HP PhotoSmart 2613,HP PhotoSmart 2710,HP PhotoSmart 2710xi,HP PhotoSmart 8050,HP PhotoSmart 8150,HP PhotoSmart 8150v,HP PhotoSmart 8150xi,HP PhotoSmart 8450,HP PhotoSmart 8450xi,HP PhotoSmart 8750,HP PhotoSmart 8750gp,HP PhotoSmart 8750xi,HP PhotoSmart 8753,HP PhotoSmart 8758,HP PhotoSmart B8300,HP PhotoSmart B8330,HP PhotoSmart B8338,HP PhotoSmart B8350,HP PhotoSmart B8353"
"ZINK-HP-HP-96-97-Combo3","HP","Hewlett Packard HP 96 (C8767WN) 2-PK Black & HP 97 (C9363WN) 1-PK Tri Color (Combo Pack of 3) Replacement Ink Cartridge","21.99","35.99","14","http://www.compandsave.com/ProductDetails.asp?ProductCode=ZINK-HP-HP-96-97-Combo3","HP DesignJet 5940,HP DesignJet 5940xi,HP DeskJet 5740,HP DeskJet 5740xi,HP DeskJet 5743,HP DeskJet 5745,HP DeskJet 5748,HP DeskJet 5940,HP DeskJet 5940xi,HP DeskJet 6520,HP DeskJet 6520xi,HP DeskJet 6540,HP DeskJet 6540dt,HP DeskJet 6540xi,HP DeskJet 6620,HP DeskJet 6620xi,HP DeskJet 6830,HP DeskJet 6830v,HP DeskJet 6840,HP DeskJet 6840dt,HP DeskJet 6840xi,HP DeskJet 6940,HP DeskJet 6940dt,HP DeskJet 6980,HP DeskJet 6980dt,HP DeskJet 6988,HP DeskJet 6988dt,HP DeskJet 9800,HP DeskJet 9800d,HP OfficeJet 7210,HP OfficeJet 7210v,HP OfficeJet 7210xi,HP OfficeJet 7310,HP OfficeJet 7310xi,HP OfficeJet 7410,HP OfficeJet 7410xi,HP PhotoSmart 2605,HP PhotoSmart 2608,HP PhotoSmart 2610,HP PhotoSmart 2610v,HP PhotoSmart 2610xi,HP PhotoSmart 2613,HP PhotoSmart 2710,HP PhotoSmart 2710xi,HP PhotoSmart 8050,HP PhotoSmart 8150,HP PhotoSmart 8150v,HP PhotoSmart 8150xi,HP PhotoSmart 8450,HP PhotoSmart 8450xi,HP PhotoSmart 8750,HP PhotoSmart 8750gp,HP PhotoSmart 8750xi,HP PhotoSmart 8753,HP PhotoSmart 8758,HP PhotoSmart B8300,HP PhotoSmart B8330,HP PhotoSmart B8338,HP PhotoSmart B8350,HP PhotoSmart B8353"
"ZINK-HP-HP-96-97-Combo5","HP","Hewlett Packard HP 96 (C8767WN) 3-PK Black & HP 97 (C9363WN) 2-PK Tri Color (Combo Pack of 5) Replacement Ink Cartridge","34.9","55.99","21.09","http://www.compandsave.com/ProductDetails.asp?ProductCode=ZINK-HP-HP-96-97-Combo5","HP DesignJet 5940,HP DesignJet 5940xi,HP DeskJet 5740,HP DeskJet 5740xi,HP DeskJet 5743,HP DeskJet 5745,HP DeskJet 5748,HP DeskJet 5940,HP DeskJet 5940xi,HP DeskJet 6520,HP DeskJet 6520xi,HP DeskJet 6540,HP DeskJet 6540dt,HP DeskJet 6540xi,HP DeskJet 6620,HP DeskJet 6620xi,HP DeskJet 6830,HP DeskJet 6830v,HP DeskJet 6840,HP DeskJet 6840dt,HP DeskJet 6840xi,HP DeskJet 6940,HP DeskJet 6940dt,HP DeskJet 6980,HP DeskJet 6980dt,HP DeskJet 6988,HP DeskJet 6988dt,HP DeskJet 9800,HP DeskJet 9800d,HP OfficeJet 7210,HP OfficeJet 7210v,HP OfficeJet 7210xi,HP OfficeJet 7310,HP OfficeJet 7310xi,HP OfficeJet 7410,HP OfficeJet 7410xi,HP PhotoSmart 2605,HP PhotoSmart 2608,HP PhotoSmart 2610,HP PhotoSmart 2610v,HP PhotoSmart 2610xi,HP PhotoSmart 2613,HP PhotoSmart 2710,HP PhotoSmart 2710xi,HP PhotoSmart 8050,HP PhotoSmart 8150,HP PhotoSmart 8150v,HP PhotoSmart 8150xi,HP PhotoSmart 8450,HP PhotoSmart 8450xi,HP PhotoSmart 8750,HP PhotoSmart 8750gp,HP PhotoSmart 8750xi,HP PhotoSmart 8753,HP PhotoSmart 8758,HP PhotoSmart B8300,HP PhotoSmart B8330,HP PhotoSmart B8338,HP PhotoSmart B8350,HP PhotoSmart B8353"
"ZINK-HP-HP02-Combo13","HP","Replacement for Hewlett Packard HP-02 Series (HP02 Bulk Set of 13 Packs) Inkjet Cartridges (HPNo.02) for Photosmart Printer","39.9","128.87","88.97","http://www.compandsave.com/ProductDetails.asp?ProductCode=ZINK-HP-HP02-Combo13","HP PhotoSmart 3108,HP PhotoSmart 3110,HP PhotoSmart 3210,HP PhotoSmart 3210v,HP PhotoSmart 3210xi,HP PhotoSmart 3310,HP PhotoSmart 3310xi,HP PhotoSmart 3313,HP PhotoSmart 8230,HP PhotoSmart 8238,HP PhotoSmart 8250,HP PhotoSmart C5100,HP PhotoSmart C5140,HP PhotoSmart C5150,HP PhotoSmart C5175,HP PhotoSmart C5180,HP PhotoSmart C5183,HP PhotoSmart C5185,HP PhotoSmart C5188,HP PhotoSmart C5190,HP PhotoSmart C6100,HP PhotoSmart C6150,HP PhotoSmart C6175,HP PhotoSmart C6180,HP PhotoSmart C6183,HP PhotoSmart C6185,HP PhotoSmart C6188,HP PhotoSmart C6200,HP PhotoSmart C6240,HP PhotoSmart C6250,HP PhotoSmart C6270,HP PhotoSmart C6275,HP PhotoSmart C6280,HP PhotoSmart C6283,HP PhotoSmart C6285,HP PhotoSmart C6286,HP PhotoSmart C6288,HP PhotoSmart C7150,HP PhotoSmart C7180,HP PhotoSmart C7200,HP PhotoSmart C7250,HP PhotoSmart C7275,HP PhotoSmart C7280,HP PhotoSmart C7283,HP PhotoSmart C7288,HP PhotoSmart C8150,HP PhotoSmart C8180,HP PhotoSmart C8183,HP PhotoSmart D6160,HP PhotoSmart D7100,HP PhotoSmart D7145,HP PhotoSmart D7155,HP PhotoSmart D7160,HP PhotoSmart D7168,HP PhotoSmart D7245,HP PhotoSmart D7255,HP PhotoSmart D7260,HP PhotoSmart D7263,HP PhotoSmart D7268,HP PhotoSmart D7345,HP PhotoSmart D7355,HP PhotoSmart D7360,HP PhotoSmart D7460"
"ZINK-HP-HP02-Combo7","HP","Replacement for Hewlett Packard HP-02 Series (HP02 Bulk Set of 7 Packs) Inkjet Cartridges (HPNo.02) for Photosmart Printer","23.9","80.99","57.09","http://www.compandsave.com/ProductDetails.asp?ProductCode=ZINK-HP-HP02-Combo7","HP PhotoSmart 3108,HP PhotoSmart 3110,HP PhotoSmart 3210,HP PhotoSmart 3210v,HP PhotoSmart 3210xi,HP PhotoSmart 3310,HP PhotoSmart 3310xi,HP PhotoSmart 3313,HP PhotoSmart 8230,HP PhotoSmart 8238,HP PhotoSmart 8250,HP PhotoSmart C5100,HP PhotoSmart C5140,HP PhotoSmart C5150,HP PhotoSmart C5175,HP PhotoSmart C5180,HP PhotoSmart C5183,HP PhotoSmart C5185,HP PhotoSmart C5188,HP PhotoSmart C5190,HP PhotoSmart C6100,HP PhotoSmart C6150,HP PhotoSmart C6175,HP PhotoSmart C6180,HP PhotoSmart C6183,HP PhotoSmart C6185,HP PhotoSmart C6188,HP PhotoSmart C6200,HP PhotoSmart C6240,HP PhotoSmart C6250,HP PhotoSmart C6270,HP PhotoSmart C6275,HP PhotoSmart C6280,HP PhotoSmart C6283,HP PhotoSmart C6285,HP PhotoSmart C6286,HP PhotoSmart C6288,HP PhotoSmart C7150,HP PhotoSmart C7180,HP PhotoSmart C7200,HP PhotoSmart C7250,HP PhotoSmart C7275,HP PhotoSmart C7280,HP PhotoSmart C7283,HP PhotoSmart C7288,HP PhotoSmart C8150,HP PhotoSmart C8180,HP PhotoSmart C8183,HP PhotoSmart D6160,HP PhotoSmart D7100,HP PhotoSmart D7145,HP PhotoSmart D7155,HP PhotoSmart D7160,HP PhotoSmart D7168,HP PhotoSmart D7245,HP PhotoSmart D7255,HP PhotoSmart D7260,HP PhotoSmart D7263,HP PhotoSmart D7268,HP PhotoSmart D7345,HP PhotoSmart D7355,HP PhotoSmart D7360,HP PhotoSmart D7460"
"ZINK-HP-HP564XL-Combo11","HP","Hewlett Packard HP 564XL Bulk Set of 11 Packs (CB321WN Black, CB322WN Photo Black, CB323WN Cyan, CB324WN Magenta, CB325WN Yellow) High Yield Replacement Ink Cartridge","63.69","99.9","36.21","http://www.compandsave.com/ProductDetails.asp?ProductCode=ZINK-HP-HP564XL-Combo11","HP PhotoSmart B8500,HP PhotoSmart B8550,HP PhotoSmart B8553,HP PhotoSmart B8558,HP PhotoSmart C309 Series,HP PhotoSmart C309a,HP PhotoSmart C309g,HP PhotoSmart C310a,HP PhotoSmart C410a,HP PhotoSmart C510,HP PhotoSmart C510a,HP PhotoSmart C5300,HP PhotoSmart C5324,HP PhotoSmart C5370,HP PhotoSmart C5373,HP PhotoSmart C5380,HP PhotoSmart C5383,HP PhotoSmart C5388,HP PhotoSmart C5390,HP PhotoSmart C5393,HP PhotoSmart C6300,HP PhotoSmart C6324,HP PhotoSmart C6340,HP PhotoSmart C6350,HP PhotoSmart C6375,HP PhotoSmart C6380,HP PhotoSmart C6383,HP PhotoSmart C6388,HP PhotoSmart D5400 Series,HP PhotoSmart D5445,HP PhotoSmart D5460,HP PhotoSmart D5463,HP PhotoSmart D5468,HP PhotoSmart D7500 Series,HP PhotoSmart D7560,HP PhotoSmart eStation All-in-One,HP PhotoSmart Premium All-in-One,HP PhotoSmart Premium e-All-in-One,HP PhotoSmart Premium Fax,HP PhotoSmart Premium Fax All-in-One,HP PhotoSmart TouchSmart Web,CN684WN"
"ZINK-HP-HP564XL-Combo5","HP","Hewlett Packard HP 564XL Bulk Set of 5 Packs (CB321WN Black, CB322WN Photo Black, CB323WN Cyan, CB324WN Magenta, CB325WN Yellow) High Yield Replacement Ink Cartridge","29.95","89.9","59.95","http://www.compandsave.com/ProductDetails.asp?ProductCode=ZINK-HP-HP564XL-Combo5","HP PhotoSmart B8500,HP PhotoSmart B8550,HP PhotoSmart B8553,HP PhotoSmart B8558,HP PhotoSmart C309 Series,HP PhotoSmart C309a,HP PhotoSmart C309g,HP PhotoSmart C310a,HP PhotoSmart C410a,HP PhotoSmart C510,HP PhotoSmart C510a,HP PhotoSmart C5300,HP PhotoSmart C5324,HP PhotoSmart C5370,HP PhotoSmart C5373,HP PhotoSmart C5380,HP PhotoSmart C5383,HP PhotoSmart C5388,HP PhotoSmart C5390,HP PhotoSmart C5393,HP PhotoSmart C6300,HP PhotoSmart C6324,HP PhotoSmart C6340,HP PhotoSmart C6350,HP PhotoSmart C6375,HP PhotoSmart C6380,HP PhotoSmart C6383,HP PhotoSmart C6388,HP PhotoSmart D5400 Series,HP PhotoSmart D5445,HP PhotoSmart D5460,HP PhotoSmart D5463,HP PhotoSmart D5468,HP PhotoSmart D7500 Series,HP PhotoSmart D7560,HP PhotoSmart eStation All-in-One,HP PhotoSmart Premium All-in-One,HP PhotoSmart Premium e-All-in-One,HP PhotoSmart Premium Fax,HP PhotoSmart Premium Fax All-in-One,HP PhotoSmart TouchSmart Web,CN684WN"
"ZINK-HP-HP564XL-Combo9","HP","Hewlett Packard HP 564XL Bulk Set of 9 Packs (CB321WN Black, CB323WN Cyan, CB324WN Magenta, CB325WN Yellow) High Yield Replacement Ink Cartridge","52.11","79.9","27.79","http://www.compandsave.com/ProductDetails.asp?ProductCode=ZINK-HP-HP564XL-Combo9","HP PhotoSmart B209a,HP PhotoSmart B210a,HP PhotoSmart B8500,HP PhotoSmart B8550,HP PhotoSmart B8553,HP PhotoSmart B8558,HP PhotoSmart C309 Series,HP PhotoSmart C309a,HP PhotoSmart C309g,HP PhotoSmart C310a,HP PhotoSmart C410a,HP PhotoSmart C510,HP PhotoSmart C510a,HP PhotoSmart C5300,HP PhotoSmart C5324,HP PhotoSmart C5370,HP PhotoSmart C5373,HP PhotoSmart C5380,HP PhotoSmart C5383,HP PhotoSmart C5388,HP PhotoSmart C5390,HP PhotoSmart C5393,HP PhotoSmart C6300,HP PhotoSmart C6324,HP PhotoSmart C6340,HP PhotoSmart C6350,HP PhotoSmart C6375,HP PhotoSmart C6380,HP PhotoSmart C6383,HP PhotoSmart C6388,HP PhotoSmart D5400 Series,HP PhotoSmart D5445,HP PhotoSmart D5460,HP PhotoSmart D5463,HP PhotoSmart D5468,HP PhotoSmart D7500 Series,HP PhotoSmart D7560,HP PhotoSmart eStation All-in-One,HP PhotoSmart Plus All-in-One,HP PhotoSmart Plus e-All-in-One,HP PhotoSmart Premium All-in-One,HP PhotoSmart Premium e-All-in-One,HP PhotoSmart Premium Fax,HP PhotoSmart Premium Fax All-in-One,HP PhotoSmart TouchSmart Web,CN684WN"
"ZINK-HP-HP88-Combo5","HP","Replacement for Hewlett Packard (HP 88XL) Bulk Set of 5 High Yield Ink Cartridges","29.45","59.99","30.54","http://www.compandsave.com/ProductDetails.asp?ProductCode=ZINK-HP-HP88-Combo5","HP OfficeJet Pro K5400,HP OfficeJet Pro K5400dn,HP OfficeJet Pro K5400dtn,HP OfficeJet Pro K5400tn,HP OfficeJet Pro K550,HP OfficeJet Pro K550dtn,HP OfficeJet Pro K550dtwn,HP OfficeJet Pro K8600,HP OfficeJet Pro K8600dn,HP OfficeJet Pro L7480,HP OfficeJet Pro L7500,HP OfficeJet Pro L7550,HP OfficeJet Pro L7555,HP OfficeJet Pro L7580,HP OfficeJet Pro L7590,HP OfficeJet Pro L7600,HP OfficeJet Pro L7650,HP OfficeJet Pro L7680,HP OfficeJet Pro L7681,HP OfficeJet Pro L7700,HP OfficeJet Pro L7750,HP OfficeJet Pro L7780"
"ZINK-HP-HP88-Combo8","HP","Replacement for Hewlett Packard (HP 88XL) Bulk Set of 8 High Yield Ink Cartridges","44.32","79.99","35.67","http://www.compandsave.com/ProductDetails.asp?ProductCode=ZINK-HP-HP88-Combo8","HP OfficeJet Pro K5400,HP OfficeJet Pro K5400dn,HP OfficeJet Pro K5400dtn,HP OfficeJet Pro K5400tn,HP OfficeJet Pro K550,HP OfficeJet Pro K550dtn,HP OfficeJet Pro K550dtwn,HP OfficeJet Pro K8600,HP OfficeJet Pro K8600dn,HP OfficeJet Pro L7480,HP OfficeJet Pro L7500,HP OfficeJet Pro L7550,HP OfficeJet Pro L7555,HP OfficeJet Pro L7580,HP OfficeJet Pro L7590,HP OfficeJet Pro L7600,HP OfficeJet Pro L7650,HP OfficeJet Pro L7680,HP OfficeJet Pro L7681,HP OfficeJet Pro L7700,HP OfficeJet Pro L7750,HP OfficeJet Pro L7780"
"ZINK-Kodak-10-Combo4","Kodak","Compatible Kodak #10 Bulk Set of 4 Ink Cartridges: 2 Black & 2 Color For the ESP 3, 5 and EASYSHARE 5100, 5300 & 5500 Printers","19.9","30.99","11.09","http://www.compandsave.com/ProductDetails.asp?ProductCode=ZINK-Kodak-10-Combo4","Kodak EasyShare 5100,Kodak EasyShare 5300,Kodak EasyShare 5500,Kodak ESP 3,Kodak ESP 3250,Kodak ESP 5,Kodak ESP 5210,Kodak ESP 5250,Kodak ESP 6150,Kodak ESP 7,Kodak ESP 7250,Kodak ESP 9,Kodak ESP 9250,Kodak Hero 6.1,Kodak Hero 7.1,Kodak Hero 9.1"
"ZINK-Kodak-10-Combo8","Kodak","Compatible Kodak #10 Bulk Set of 8 Ink Cartridges: 5 Black & 3 Color For the ESP 3, 5 and EASYSHARE 5100, 5300 & 5500 Printers","35.9","56.92","21.02","http://www.compandsave.com/ProductDetails.asp?ProductCode=ZINK-Kodak-10-Combo8","Kodak EasyShare 5100,Kodak EasyShare 5300,Kodak EasyShare 5500,Kodak ESP 3,Kodak ESP 3250,Kodak ESP 5,Kodak ESP 5210,Kodak ESP 5250,Kodak ESP 6150,Kodak ESP 7,Kodak ESP 7250,Kodak ESP 9,Kodak ESP 9250,Kodak Hero 6.1,Kodak Hero 7.1,Kodak Hero 9.1"
"ZINK-Lexmark-100XL-Combo10","Lexmark","Compatible Lexmark 100XL (#100XL) Combo Pack of 10 High Yield Ink Cartridge for 14N1068 Black, 14N1069 Cyan, 14N1070 Magenta & 14N1071 Yellow.","53.96","189.99","136.03","http://www.compandsave.com/ProductDetails.asp?ProductCode=ZINK-Lexmark-100XL-Combo10","Lexmark Pro205,Lexmark Pro705,Lexmark Pro805,Lexmark Pro905,Lexmark S305,Lexmark S405,Lexmark S505,Lexmark S605"
"ZINK-Lexmark-100XL-Combo4","Lexmark","Compatible Lexmark 100XL (#100XL) Combo Pack of 4 High Yield Ink Cartridge for 14N1068 Black, 14N1069 Cyan, 14N1070 Magenta & 14N1071 Yellow.","25.96","89.99","64.03","http://www.compandsave.com/ProductDetails.asp?ProductCode=ZINK-Lexmark-100XL-Combo4","Lexmark Pro205,Lexmark Pro705,Lexmark Pro805,Lexmark Pro905,Lexmark S305,Lexmark S405,Lexmark S505,Lexmark S605"
"ZINK-Lexmark-14-15-Combo2","Lexmark","Replacement Lexmark 18C2090 (#14) Black & 18C2110 (#15) Color Combo-Pack of 2 Ink Cartridge","29.98","46.99","17.01","http://www.compandsave.com/ProductDetails.asp?ProductCode=ZINK-Lexmark-14-15-Combo2","Lexmark X2600,Lexmark X2650,Lexmark X2670,Lexmark Z2300,Lexmark Z2320"
"ZINK-Lexmark-14-15-Combo3","Lexmark","Replacement for Lexmark 18C2090 (#14) Black & 18C2110 (#15) Color Combo-Pack of 3 Ink Cartridge","43.47","66.99","23.52","http://www.compandsave.com/ProductDetails.asp?ProductCode=ZINK-Lexmark-14-15-Combo3","Lexmark X2600,Lexmark X2650,Lexmark X2670,Lexmark Z2300,Lexmark Z2320"
"ZINK-Lexmark-14-15-Combo5","Lexmark","Replacement for Lexmark 18C2090 (#14) Black & 18C2110 (#15) Color Combo-Pack of 5 Ink Cartridge","69.95","86.99","17.04","http://www.compandsave.com/ProductDetails.asp?ProductCode=ZINK-Lexmark-14-15-Combo5","Lexmark X2600,Lexmark X2650,Lexmark X2670,Lexmark Z2300,Lexmark Z2320"
"ZINK-Lexmark-16 26-Combo2","Lexmark","Replacement for Lexmark Bulk Set of 2 High Capacity Ink Cartridges, 1 Black 10N0016 (#16) + 1 Color 10N0026 (#26)","23.5","37.98","14.48","http://www.compandsave.com/ProductDetails.asp?ProductCode=ZINK-Lexmark-16 26-Combo2","Lexmark i3,Compaq IJ650,Compaq IJ652,Lexmark X1100,Lexmark X1110,Lexmark X1130,Lexmark X1140,Lexmark X1150,Lexmark X1155,Lexmark X1160,Lexmark X1170,Lexmark X1180,Lexmark X1185,Lexmark X1190,Lexmark X1195,Lexmark X1240,Lexmark X1270,Lexmark X1290,Lexmark X2230,Lexmark X2240,Lexmark X2250,Lexmark X74,Lexmark X75,Lexmark Z13,Lexmark Z23,Lexmark Z23e,Lexmark Z24,Lexmark Z25,Lexmark Z25L,Lexmark Z25LE,Lexmark Z33,Lexmark Z34,Lexmark Z35,Lexmark Z35LE,Lexmark Z35t,Lexmark Z510,Lexmark Z515,Lexmark Z517,Lexmark Z600,Lexmark Z601,Lexmark Z602,Lexmark Z603,Lexmark Z605,Lexmark Z611,Lexmark Z612,Lexmark Z613,Lexmark Z614,Lexmark Z615,Lexmark Z617,Lexmark Z640 LA LV,Lexmark Z645,Lexmark Z647 LA LV"
"ZINK-Lexmark-16 26-Combo3","Lexmark","Replacement for Lexmark Bulk Set of 3 High Capacity Ink Cartridges, 2 Black 10N0016 (#16) + 1 Color 10N0026 (#26)","35.5","56.97","21.47","http://www.compandsave.com/ProductDetails.asp?ProductCode=ZINK-Lexmark-16 26-Combo3","Lexmark i3,Compaq IJ650,Compaq IJ652,Lexmark X1100,Lexmark X1110,Lexmark X1130,Lexmark X1140,Lexmark X1150,Lexmark X1155,Lexmark X1160,Lexmark X1170,Lexmark X1180,Lexmark X1185,Lexmark X1190,Lexmark X1195,Lexmark X1240,Lexmark X1270,Lexmark X1290,Lexmark X2230,Lexmark X2240,Lexmark X2250,Lexmark X74,Lexmark X75,Lexmark Z13,Lexmark Z23,Lexmark Z23e,Lexmark Z24,Lexmark Z25,Lexmark Z25L,Lexmark Z25LE,Lexmark Z33,Lexmark Z34,Lexmark Z35,Lexmark Z35LE,Lexmark Z35t,Lexmark Z510,Lexmark Z515,Lexmark Z517,Lexmark Z600,Lexmark Z601,Lexmark Z602,Lexmark Z603,Lexmark Z605,Lexmark Z611,Lexmark Z612,Lexmark Z613,Lexmark Z614,Lexmark Z615,Lexmark Z617,Lexmark Z640 LA LV,Lexmark Z645,Lexmark Z647 LA LV"
"ZINK-Lexmark-16 26-Combo5","Lexmark","Replacement for Lexmark Bulk Set of 5 High Capacity Ink Cartridges, 3 Black 10N0016 (#16) + 2 Color 10N0026 (#26)","56.95","90.99","34.04","http://www.compandsave.com/ProductDetails.asp?ProductCode=ZINK-Lexmark-16 26-Combo5","Lexmark i3,Compaq IJ650,Compaq IJ652,Lexmark X1100,Lexmark X1110,Lexmark X1130,Lexmark X1140,Lexmark X1150,Lexmark X1155,Lexmark X1160,Lexmark X1170,Lexmark X1180,Lexmark X1185,Lexmark X1190,Lexmark X1195,Lexmark X1240,Lexmark X1270,Lexmark X1290,Lexmark X2230,Lexmark X2240,Lexmark X2250,Lexmark X74,Lexmark X75,Lexmark Z13,Lexmark Z23,Lexmark Z23e,Lexmark Z24,Lexmark Z25,Lexmark Z25L,Lexmark Z25LE,Lexmark Z33,Lexmark Z34,Lexmark Z35,Lexmark Z35LE,Lexmark Z35t,Lexmark Z510,Lexmark Z515,Lexmark Z517,Lexmark Z600,Lexmark Z601,Lexmark Z602,Lexmark Z603,Lexmark Z605,Lexmark Z611,Lexmark Z612,Lexmark Z613,Lexmark Z614,Lexmark Z615,Lexmark Z617,Lexmark Z640 LA LV,Lexmark Z645,Lexmark Z647 LA LV"
"ZINK-Lexmark-17 27-Combo2","Lexmark","Replacement for Lexmark Bulk Set of 2 Inkjet Cartridges, 1 Black 10N0217 (#17) + 1 Color 10N0227 (#27)","23.5","37.95","14.45","http://www.compandsave.com/ProductDetails.asp?ProductCode=ZINK-Lexmark-17 27-Combo2","Lexmark i3,Compaq IJ650,Compaq IJ652,Lexmark X1100,Lexmark X1110,Lexmark X1130,Lexmark X1140,Lexmark X1150,Lexmark X1155,Lexmark X1160,Lexmark X1170,Lexmark X1180,Lexmark X1185,Lexmark X1190,Lexmark X1195,Lexmark X1240,Lexmark X1270,Lexmark X1290,Lexmark X2230,Lexmark X2240,Lexmark X2250,Lexmark X74,Lexmark X75,Lexmark Z13,Lexmark Z23,Lexmark Z23e,Lexmark Z24,Lexmark Z25,Lexmark Z25L,Lexmark Z25LE,Lexmark Z33,Lexmark Z34,Lexmark Z35,Lexmark Z35LE,Lexmark Z35t,Lexmark Z510,Lexmark Z515,Lexmark Z517,Lexmark Z600,Lexmark Z601,Lexmark Z602,Lexmark Z603,Lexmark Z605,Lexmark Z611,Lexmark Z612,Lexmark Z613,Lexmark Z614,Lexmark Z615,Lexmark Z617,Lexmark Z640 LA LV,Lexmark Z645,Lexmark Z647 LA LV"
"ZINK-Lexmark-17 27-Combo3","Lexmark","Replacement for Lexmark Bulk Set of 3 Inkjet Cartridges, 2 Black 10N0217 (#17) + 1 Color 10N0227 (#27)","35.5","56.9","21.4","http://www.compandsave.com/ProductDetails.asp?ProductCode=ZINK-Lexmark-17 27-Combo3","Lexmark i3,Compaq IJ650,Compaq IJ652,Lexmark X1100,Lexmark X1110,Lexmark X1130,Lexmark X1140,Lexmark X1150,Lexmark X1155,Lexmark X1160,Lexmark X1170,Lexmark X1180,Lexmark X1185,Lexmark X1190,Lexmark X1195,Lexmark X1240,Lexmark X1270,Lexmark X1290,Lexmark X2230,Lexmark X2240,Lexmark X2250,Lexmark X74,Lexmark X75,Lexmark Z13,Lexmark Z23,Lexmark Z23e,Lexmark Z24,Lexmark Z25,Lexmark Z25L,Lexmark Z25LE,Lexmark Z33,Lexmark Z34,Lexmark Z35,Lexmark Z35LE,Lexmark Z35t,Lexmark Z510,Lexmark Z515,Lexmark Z517,Lexmark Z600,Lexmark Z601,Lexmark Z602,Lexmark Z603,Lexmark Z605,Lexmark Z611,Lexmark Z612,Lexmark Z613,Lexmark Z614,Lexmark Z615,Lexmark Z617,Lexmark Z640 LA LV,Lexmark Z645,Lexmark Z647 LA LV"
"ZINK-Lexmark-17 27-Combo5","Lexmark","Replacement for Lexmark Bulk Set of 5 Inkjet Cartridges, 3 Black 10N0217 (#17) + 2 Color 10N0227 (#27)","56.95","90.99","34.04","http://www.compandsave.com/ProductDetails.asp?ProductCode=ZINK-Lexmark-17 27-Combo5","Lexmark i3,Compaq IJ650,Compaq IJ652,Lexmark X1100,Lexmark X1110,Lexmark X1130,Lexmark X1140,Lexmark X1150,Lexmark X1155,Lexmark X1160,Lexmark X1170,Lexmark X1180,Lexmark X1185,Lexmark X1190,Lexmark X1195,Lexmark X1240,Lexmark X1270,Lexmark X1290,Lexmark X2230,Lexmark X2240,Lexmark X2250,Lexmark X74,Lexmark X75,Lexmark Z13,Lexmark Z23,Lexmark Z23e,Lexmark Z24,Lexmark Z25,Lexmark Z25L,Lexmark Z25LE,Lexmark Z33,Lexmark Z34,Lexmark Z35,Lexmark Z35LE,Lexmark Z35t,Lexmark Z510,Lexmark Z515,Lexmark Z517,Lexmark Z600,Lexmark Z601,Lexmark Z602,Lexmark Z603,Lexmark Z605,Lexmark Z611,Lexmark Z612,Lexmark Z613,Lexmark Z614,Lexmark Z615,Lexmark Z617,Lexmark Z640 LA LV,Lexmark Z645,Lexmark Z647 LA LV"
"ZINK-Lexmark-32-33-Combo2","Lexmark","Replacement for Lexmark 32 (18C0032) / 33 (18C0033) Black & Color Combo Pack of 2 Ink Cartridge (18C0532)","23.98","49.89","25.91","http://www.compandsave.com/ProductDetails.asp?ProductCode=ZINK-Lexmark-32-33-Combo2","Lexmark Home Copier Plus,Lexmark P4330,Lexmark P4350,Lexmark P6250,Lexmark P6350,Lexmark P8350,Lexmark P915,Lexmark X3330,Lexmark X3350,Lexmark X5210,Lexmark X5250,Lexmark X5260,Lexmark X5270,Lexmark X5450,Lexmark X5470,Lexmark X6350,Lexmark X7170,Lexmark X7350,Lexmark X8300,Lexmark X8350,Lexmark Z810,Lexmark Z812,Lexmark Z815,Lexmark Z816,Lexmark Z818"
"ZINK-Lexmark-32-33-Combo3","Lexmark","Replacement for Lexmark 32 (18C0032) / 33 (18C0033) Black & Color Combo Pack of 3 Ink Cartridge (18C1517)","34.98","73.49","38.51","http://www.compandsave.com/ProductDetails.asp?ProductCode=ZINK-Lexmark-32-33-Combo3","Lexmark Home Copier Plus,Lexmark P4330,Lexmark P4350,Lexmark P6250,Lexmark P6350,Lexmark P8350,Lexmark P915,Lexmark X3330,Lexmark X3350,Lexmark X5210,Lexmark X5250,Lexmark X5260,Lexmark X5270,Lexmark X5450,Lexmark X5470,Lexmark X6350,Lexmark X7170,Lexmark X7350,Lexmark X8300,Lexmark X8350,Lexmark Z810,Lexmark Z812,Lexmark Z815,Lexmark Z816,Lexmark Z818"
"ZINK-Lexmark-32-33-Combo5","Lexmark","Replacement for Lexmark 32 (18C0032) / 33 (18C0033) Black & Color Combo Pack of 5 Ink Cartridge","56.98","123.38","66.4","http://www.compandsave.com/ProductDetails.asp?ProductCode=ZINK-Lexmark-32-33-Combo5","Lexmark Home Copier Plus,Lexmark P4330,Lexmark P4350,Lexmark P6250,Lexmark P6350,Lexmark P8350,Lexmark P915,Lexmark X3330,Lexmark X3350,Lexmark X5210,Lexmark X5250,Lexmark X5260,Lexmark X5270,Lexmark X5450,Lexmark X5470,Lexmark X6350,Lexmark X7170,Lexmark X7350,Lexmark X8300,Lexmark X8350,Lexmark Z810,Lexmark Z812,Lexmark Z815,Lexmark Z816,Lexmark Z818"
"ZINK-Lexmark-34 35-Combo2","Lexmark","Replacement for Lexmark 18C0034 (#34) 18C0035 (#35 ) Black/Color High Capacity Ink Cartridge (18C0535) 2 Packs","36.98","61.8","24.82","http://www.compandsave.com/ProductDetails.asp?ProductCode=ZINK-Lexmark-34 35-Combo2","Lexmark Home Copier Plus,Lexmark P4330,Lexmark P4350,Lexmark P6250,Lexmark P6350,Lexmark P8350,Lexmark P915,Lexmark X2500,Lexmark X2530,Lexmark X2550,Lexmark X3330,Lexmark X3350,Lexmark X3530,Lexmark X3550,Lexmark X4530,Lexmark X4550,Lexmark X5070,Lexmark X5075,Lexmark X5210,Lexmark X5250,Lexmark X5260,Lexmark X5270,Lexmark X5320,Lexmark X5340,Lexmark X5410,Lexmark X5450,Lexmark X5470,Lexmark X5495,Lexmark X6350,Lexmark X7170,Lexmark X7350,Lexmark X8300,Lexmark X8350,Lexmark Z1300,Lexmark Z1310,Lexmark Z1320,Lexmark Z1410,Lexmark Z1420,Lexmark Z810,Lexmark Z812,Lexmark Z815,Lexmark Z816,Lexmark Z818,Lexmark Z845"
"ZINK-Lexmark-34 35-Combo3","Lexmark","Replacement for Lexmark 18C0034 (#34) 18C0035 (#35 ) Black/Color Bulk Set of 3 Packs High Capacity Ink Cartridge","54.97","92.97","38","http://www.compandsave.com/ProductDetails.asp?ProductCode=ZINK-Lexmark-34 35-Combo3","Lexmark Home Copier Plus,Lexmark P4330,Lexmark P4350,Lexmark P6250,Lexmark P6350,Lexmark P8350,Lexmark P915,Lexmark X2500,Lexmark X2530,Lexmark X2550,Lexmark X3330,Lexmark X3350,Lexmark X3530,Lexmark X3550,Lexmark X4530,Lexmark X4550,Lexmark X5070,Lexmark X5075,Lexmark X5210,Lexmark X5250,Lexmark X5260,Lexmark X5270,Lexmark X5320,Lexmark X5340,Lexmark X5410,Lexmark X5450,Lexmark X5470,Lexmark X5495,Lexmark X6350,Lexmark X7170,Lexmark X7350,Lexmark X8300,Lexmark X8350,Lexmark Z1300,Lexmark Z1310,Lexmark Z1320,Lexmark Z1410,Lexmark Z1420,Lexmark Z810,Lexmark Z812,Lexmark Z815,Lexmark Z816,Lexmark Z818,Lexmark Z845"
"ZINK-Lexmark-34 35-Combo5","Lexmark","Replacement for Lexmark 18C0034 (#34) 18C0035 (#35 ) Black/Color Bulk Set of 5 Packs High Capacity Ink Cartridge","91.95","151.97","60.02","http://www.compandsave.com/ProductDetails.asp?ProductCode=ZINK-Lexmark-34 35-Combo5","Lexmark Home Copier Plus,Lexmark P4330,Lexmark P4350,Lexmark P6250,Lexmark P6350,Lexmark P8350,Lexmark P915,Lexmark X2500,Lexmark X2530,Lexmark X2550,Lexmark X3330,Lexmark X3350,Lexmark X3530,Lexmark X3550,Lexmark X4530,Lexmark X4550,Lexmark X5070,Lexmark X5075,Lexmark X5210,Lexmark X5250,Lexmark X5260,Lexmark X5270,Lexmark X5320,Lexmark X5340,Lexmark X5410,Lexmark X5450,Lexmark X5470,Lexmark X5495,Lexmark X6350,Lexmark X7170,Lexmark X7350,Lexmark X8300,Lexmark X8350,Lexmark Z1300,Lexmark Z1310,Lexmark Z1320,Lexmark Z1410,Lexmark Z1420,Lexmark Z810,Lexmark Z812,Lexmark Z815,Lexmark Z816,Lexmark Z818,Lexmark Z845"
"ZINK-Lexmark-44-43-Combo2","Lexmark","Replacement for Lexmark 18Y0144 (#44XL) Black & 18Y0143 (#43XL) Combo-Pack of 2 High Yield Ink Cartridge","31.98","57.99","26.01","http://www.compandsave.com/ProductDetails.asp?ProductCode=ZINK-Lexmark-44-43-Combo2","Lexmark X4850,Lexmark X4875,Lexmark X4950,Lexmark X4975,Lexmark X6570,Lexmark X6575,Lexmark X7550,Lexmark X7675,Lexmark X9350,Lexmark X9570,Lexmark X9575,Lexmark Z1520"
"ZINK-Lexmark-44-43-Combo3","Lexmark","Replacement for Lexmark 18Y0144 (#44XL) Black & 18Y0143 (#43XL) Combo-Pack of 3 High Yield Ink Cartridge","46.47","85.99","39.52","http://www.compandsave.com/ProductDetails.asp?ProductCode=ZINK-Lexmark-44-43-Combo3","Lexmark X4850,Lexmark X4875,Lexmark X4950,Lexmark X4975,Lexmark X6570,Lexmark X6575,Lexmark X7550,Lexmark X7675,Lexmark X9350,Lexmark X9570,Lexmark X9575,Lexmark Z1520"
"ZINK-Lexmark-44-43-Combo5","Lexmark","Replacement for Lexmark 18Y0144 (#44XL) Black & 18Y0143 (#43XL) Combo-Pack of 5 High Yield Ink Cartridge","74.95","139.95","65","http://www.compandsave.com/ProductDetails.asp?ProductCode=ZINK-Lexmark-44-43-Combo5","Lexmark X4850,Lexmark X4875,Lexmark X4950,Lexmark X4975,Lexmark X6570,Lexmark X6575,Lexmark X7550,Lexmark X7675,Lexmark X9350,Lexmark X9570,Lexmark X9575,Lexmark Z1520"
"ZINK-Lexmark-50-20-Combo2","Lexmark","Replacement for Lexmark 17G0050 (#50) Black & 15M0120 (#20) Tri Color Combo-Pack of 2 Ink Cartridge for Lexmark 3100/P3150/P707 Printer","22.98","41.95","18.97","http://www.compandsave.com/ProductDetails.asp?ProductCode=ZINK-Lexmark-50-20-Combo2","Lexmark ColorJet 3100,Lexmark P3150,Lexmark P707"
"ZINK-Lexmark-50-20-Combo3","Lexmark","Replacement for Lexmark 17G0050 (#50) Black & 15M0120 (#20) Tri Color Combo-Pack of 3 Ink Cartridge for Lexmark 3100/P3150/P707 Printer","33.99","51.95","17.96","http://www.compandsave.com/ProductDetails.asp?ProductCode=ZINK-Lexmark-50-20-Combo3","Lexmark ColorJet 3100,Lexmark P3150,Lexmark P707"
"ZINK-Lexmark-50-20-Combo5","Lexmark","Replacement for Lexmark 17G0050 (#50) Black & 15M0120 (#20) Tri Color Combo-Pack of 5 Ink Cartridge for Lexmark 3100/P3150/P707 Printer","54.95","71.95","17","http://www.compandsave.com/ProductDetails.asp?ProductCode=ZINK-Lexmark-50-20-Combo5","Lexmark ColorJet 3100,Lexmark P3150,Lexmark P707"
"ZINK-Lexmark-50-60-Combo2","Lexmark","Replacement for Lexmark 17G0050 Black & 17G0060 Tri Color (Lexmark #50 #60 Combo Pack of 2) Ink Cartridge","22.98","41.95","18.97","http://www.compandsave.com/ProductDetails.asp?ProductCode=ZINK-Lexmark-50-60-Combo2","Lexmark Z12,Lexmark Z22,Lexmark Z32"
"ZINK-Lexmark-50-60-Combo3","Lexmark","Replacement for Lexmark 17G0050 Black & 17G0060 Tri Color (Lexmark #50 #60 Combo Pack of 3) Ink Cartridge","33.99","51.95","17.96","http://www.compandsave.com/ProductDetails.asp?ProductCode=ZINK-Lexmark-50-60-Combo3","Lexmark Z12,Lexmark Z22,Lexmark Z32"
"ZINK-Lexmark-50-60-Combo5","Lexmark","Replacement for Lexmark 17G0050 Black & 17G0060 Tri Color (Lexmark #50 #60 Combo Pack of 5) Ink Cartridge","54.95","71.95","17","http://www.compandsave.com/ProductDetails.asp?ProductCode=ZINK-Lexmark-50-60-Combo5","Lexmark Z12,Lexmark Z22,Lexmark Z32"
"ZINK-Lexmark-70-20-Combo2","Lexmark","Replacement for Lexmark 12A1970 (#70) Black & 15M0120 (#20) Tri Color Combo-Pack of 2 Ink Cartridge","22.98","41.95","18.97","http://www.compandsave.com/ProductDetails.asp?ProductCode=ZINK-Lexmark-70-20-Combo2","Lexmark X125,Lexmark X4250,Lexmark X4270,Lexmark X63,Lexmark X73,Lexmark X83,Lexmark X85,Lexmark Z42,Lexmark Z43,Lexmark Z45,Lexmark Z51,Lexmark Z52,Lexmark Z53,Lexmark Z54,Lexmark Z82"
"ZINK-Lexmark-70-20-Combo3","Lexmark","Replacement for Lexmark 12A1970 (#70) Black & 15M0120 (#20) Tri Color Combo-Pack of 3 Ink Cartridge","33.99","51.95","17.96","http://www.compandsave.com/ProductDetails.asp?ProductCode=ZINK-Lexmark-70-20-Combo3","Lexmark X125,Lexmark X4250,Lexmark X4270,Lexmark X63,Lexmark X73,Lexmark X83,Lexmark X85,Lexmark Z42,Lexmark Z43,Lexmark Z45,Lexmark Z51,Lexmark Z52,Lexmark Z53,Lexmark Z54,Lexmark Z82"
"ZINK-Lexmark-70-20-Combo5","Lexmark","Replacement for Lexmark 12A1970 (#70) Black & 15M0120 (#20) Tri Color Combo-Pack of 5 Ink Cartridge","54.95","71.95","17","http://www.compandsave.com/ProductDetails.asp?ProductCode=ZINK-Lexmark-70-20-Combo5","Lexmark X125,Lexmark X4250,Lexmark X4270,Lexmark X63,Lexmark X73,Lexmark X83,Lexmark X85,Lexmark Z42,Lexmark Z43,Lexmark Z45,Lexmark Z51,Lexmark Z52,Lexmark Z53,Lexmark Z54,Lexmark Z82"
"ZINK-Lexmark-70-80-Combo2","Lexmark","Replacement for Lexmark 12A1970 (#70) Black & 12A1980 (#80) Tri Color Combo-Pack of 2 Ink Cartridge","22.98","41.95","18.97","http://www.compandsave.com/ProductDetails.asp?ProductCode=ZINK-Lexmark-70-80-Combo2","Compaq A900,Compaq IJ300,Compaq IJ700,Compaq IJ750,Compaq IJ900,Lexmark Optra Color 40,Lexmark Optra Color 45,Lexmark Optra Color 45N,Lexmark Photo Jetprinter 5770,Kodak PM 100,Kodak PM 1000,Lexmark Z11,Lexmark Z31"
"ZINK-Lexmark-70-80-Combo3","Lexmark","Replacement for Lexmark 12A1970 (#70) Black & 12A1980 (#80) Tri Color Combo-Pack of 3 Ink Cartridge","33.39","51.95","18.56","http://www.compandsave.com/ProductDetails.asp?ProductCode=ZINK-Lexmark-70-80-Combo3","Compaq A900,Compaq IJ300,Compaq IJ700,Compaq IJ750,Compaq IJ900,Lexmark Optra Color 40,Lexmark Optra Color 45,Lexmark Optra Color 45N,Lexmark Photo Jetprinter 5770,Kodak PM 100,Kodak PM 1000,Lexmark Z11,Lexmark Z31"
"ZINK-Lexmark-70-80-Combo5","Lexmark","Replacement for Lexmark 12A1970 (#70) Black & 12A1980 (#80) Tri Color Combo-Pack of 5 Ink Cartridge","54.95","71.95","17","http://www.compandsave.com/ProductDetails.asp?ProductCode=ZINK-Lexmark-70-80-Combo5","Compaq A900,Compaq IJ300,Compaq IJ700,Compaq IJ750,Compaq IJ900,Lexmark Optra Color 40,Lexmark Optra Color 45,Lexmark Optra Color 45N,Lexmark Photo Jetprinter 5770,Kodak PM 100,Kodak PM 1000,Lexmark Z11,Lexmark Z31"
"ZINK-Lexmark-82-83-Combo2","Lexmark","Replacement for Lexmark 18L0032 (#82) Black & 18L0042 (#83) Tri Color Combo-Pack of 2 Inkjet Cartridge","27.98","41.95","13.97","http://www.compandsave.com/ProductDetails.asp?ProductCode=ZINK-Lexmark-82-83-Combo2","Lexmark ColorJet Z55,Lexmark ColorJet Z65,Lexmark ColorJet Z65n,Lexmark X5150,Lexmark X6100,Lexmark X6150,Lexmark X6170,Lexmark X6190 Pro,Lexmark X65,Lexmark Z55se,Lexmark Z65p"
"ZINK-Lexmark-82-83-Combo3","Lexmark","Replacement for Lexmark 18L0032 (#82) Black & 18L0042 (#83) Tri Color Combo-Pack of 3 Inkjet Cartridge","40.47","61.95","21.48","http://www.compandsave.com/ProductDetails.asp?ProductCode=ZINK-Lexmark-82-83-Combo3","Lexmark ColorJet Z55,Lexmark ColorJet Z65,Lexmark ColorJet Z65n,Lexmark X5150,Lexmark X6100,Lexmark X6150,Lexmark X6170,Lexmark X6190 Pro,Lexmark X65,Lexmark Z55se,Lexmark Z65p"
"ZINK-Lexmark-82-83-Combo5","Lexmark","Replacement for Lexmark 18L0032 (#82) Black & 18L0042 (#83) Tri Color Combo-Pack of 5 Inkjet Cartridge","64.95","81.95","17","http://www.compandsave.com/ProductDetails.asp?ProductCode=ZINK-Lexmark-82-83-Combo5","Lexmark ColorJet Z55,Lexmark ColorJet Z65,Lexmark ColorJet Z65n,Lexmark X5150,Lexmark X6100,Lexmark X6150,Lexmark X6170,Lexmark X6190 Pro,Lexmark X65,Lexmark Z55se,Lexmark Z65p"
"ZTNDR-BROTHER-TNDR350-Combo3","BROTHER","New Compatible Brother Bulk Set of 3, 2 Packs TN-350 Black Toner Cartridge & 1 Pack DR-350 Drum","80.97","152.99","72.02","http://www.compandsave.com/ProductDetails.asp?ProductCode=ZTNDR-BROTHER-TNDR350-Combo3","Brother DCP-7010,Brother DCP-7020,Brother DCP-7025,Brother HL-2030,Brother HL-2030R,Brother HL-2040,Brother HL-2040N,Brother HL-2040R,Brother HL-2070N,Brother HL-2070NR,Brother Intellifax 2820,Brother Intellifax 2850,Brother Intellifax 2910,Brother Intellifax 2920,Brother MFC-7220,Brother MFC-7225N,Brother MFC-7420,Brother MFC-7820D,Brother MFC-7820N"
"ZTONER-Brother-TN115-Combo4","Brother","Brother TN115 Bulk Set of 4 (TN115BK, TN115C, TN115M, TN115Y) New Compatible High Yield Laser Toner Cartridge","159.96","350.99","191.03","http://www.compandsave.com/ProductDetails.asp?ProductCode=ZTONER-Brother-TN115-Combo4","Brother DCP 9040CN,Brother DCP 9045CDN,Brother HL-4040CDN,Brother HL-4040CN,Brother HL-4070CDW,Brother MFC-9440CN,Brother MFC-9450CDN,Brother MFC-9840CDW,Brother MFC-9840CN"
"ZTONER-Brother-TN210-Combo4","Brother","Brother New Compatible TN210 Bulk Set of 4 (TN210BK, TN210C, TN210M, TN210Y) Laser Toner Cartridge","129.96","288.99","159.03","http://www.compandsave.com/ProductDetails.asp?ProductCode=ZTONER-Brother-TN210-Combo4","Brother DCP-9010CN,Brother HL-3040CN,Brother HL-3070CW,Brother MFC-9010CN,Brother MFC-9120CN,Brother MFC-9320CN,Brother MFC-9320CW"
"ZTONER-Brother-TN315-Combo4","Brother","Brother TN315 Bulk Set of 4 (TN315BK, TN315C, TN315M, TN315Y) New Compatible High Yield Laser Toner Cartridge","199.96","441.99","242.03","http://www.compandsave.com/ProductDetails.asp?ProductCode=ZTONER-Brother-TN315-Combo4","Brother HL-4150cdn,Brother HL-4570cdw,Brother HL-4570cdwt,Brother MFC-9460cdn,Brother MFC-9560cdw,Brother MFC-9970cdw"
"ZTONER-Brother-TN350-Combo2","Brother","Compatible Brother TN350 Bulk Set of 2 Black Toner Cartridges","48.98","112.99","64.01","http://www.compandsave.com/ProductDetails.asp?ProductCode=ZTONER-Brother-TN350-Combo2","Brother DCP-7010,Brother DCP-7020,Brother DCP-7025,Brother HL-2030,Brother HL-2030R,Brother HL-2040,Brother HL-2040N,Brother HL-2040R,Brother HL-2070N,Brother HL-2070NR,Brother Intellifax 2820,Brother Intellifax 2850,Brother Intellifax 2910,Brother Intellifax 2920,Brother MFC-7220,Brother MFC-7225N,Brother MFC-7420,Brother MFC-7820D,Brother MFC-7820N"
"ZTONER-Brother-TN360-Combo2","Brother","New Compatible Brother TN-360 (TN360) Bulk Set of 2 Packs High Yield Black Toner Cartridge","48.98","89.98","41","http://www.compandsave.com/ProductDetails.asp?ProductCode=ZTONER-Brother-TN360-Combo2","Brother DCP-7030,Brother DCP-7040,Brother DCP-7045N,Brother HL-2140,Brother HL-2150N,Brother HL-2170W,Brother MFC-7320,Brother MFC-7340,Brother MFC-7345DN,Brother MFC-7345N,Brother MFC-7440N,Brother MFC-7840W"
"ZTONER-Brother-TN360-Combo4","Brother","New Compatible Brother TN-360 (TN360) Combo-Pack of 4 High Yield Black Toner Cartridge","85.96","189.98","104.02","http://www.compandsave.com/ProductDetails.asp?ProductCode=ZTONER-Brother-TN360-Combo4","Brother DCP-7030,Brother DCP-7040,Brother DCP-7045N,Brother HL-2140,Brother HL-2150N,Brother HL-2170W,Brother MFC-7320,Brother MFC-7340,Brother MFC-7345DN,Brother MFC-7345N,Brother MFC-7440N,Brother MFC-7840W"
"ZTONER-Brother-TN450-Combo10","Brother","New Compatible High Yield Black Laser Toner Cartridge for Brother TN450 (Bulk Set of 10-Pack)","199.9","391.99","192.09","http://www.compandsave.com/ProductDetails.asp?ProductCode=ZTONER-Brother-TN450-Combo10","Brother DCP-7060D,Brother DCP-7065DN,Brother HL-2220,Brother HL-2230,Brother HL-2240,Brother HL-2240D,Brother HL-2270DW,Brother HL-2280DW,Brother MFC-7360N,Brother MFC-7460DN,Brother MFC-7860DW"
"ZTONER-Brother-TN450-Combo2","Brother","New Compatible High Yield Black Laser Toner Cartridge for Brother TN450 (Bulk Set of 2-Pack)","53.98","81.99","28.01","http://www.compandsave.com/ProductDetails.asp?ProductCode=ZTONER-Brother-TN450-Combo2","Brother DCP-7060D,Brother DCP-7065DN,Brother HL-2220,Brother HL-2230,Brother HL-2240,Brother HL-2240D,Brother HL-2270DW,Brother HL-2280DW,Brother MFC-7360N,Brother MFC-7460DN,Brother MFC-7860DW"
"ZTONER-Brother-TN450-Combo4","Brother","New Compatible High Yield Black Laser Toner Cartridge for Brother TN450 (Bulk Set of 4-Pack)","95.96","151.99","56.03","http://www.compandsave.com/ProductDetails.asp?ProductCode=ZTONER-Brother-TN450-Combo4","Brother DCP-7060D,Brother DCP-7065DN,Brother HL-2220,Brother HL-2230,Brother HL-2240,Brother HL-2240D,Brother HL-2270DW,Brother HL-2280DW,Brother MFC-7360N,Brother MFC-7460DN,Brother MFC-7860DW"
"ZTONER-Brother-TN460-Combo2","Brother","Compatible Brother TN460 Bulk Set of 2 Packs High Yield Black Laser cartridge Unit (TN-460) - High Yield of TN430","47.98","70.99","23.01","http://www.compandsave.com/ProductDetails.asp?ProductCode=ZTONER-Brother-TN460-Combo2","Brother DCP 1200,Brother DCP 1400,Brother FAX-4750,Brother FAX-5750,Brother FAX-8350P,Brother FAX-8360P,Brother FAX-8750P,Brother HL-1030,Brother HL-1230,Brother HL-1240,Brother HL-1250,Brother HL-1270N,Brother HL-1430,Brother HL-1435,Brother HL-1440,Brother HL-1450,Brother HL-1470N,Brother HL-P2500,Brother Intellifax 4100,Brother Intellifax 4100e,Brother Intellifax 4750,Brother Intellifax 4750e,Brother Intellifax 5750,Brother Intellifax 5750e,Brother Intellifax 5750p,Pitney Bowes Laser Printer 1630,Brother MFC-1260,Brother MFC-1270,Brother MFC-2500,Brother MFC-8300,Brother MFC-850,Brother MFC-8500,Brother MFC-8600,Brother MFC-8700,Brother MFC-9600,Brother MFC-9650,Brother MFC-9660,Brother MFC-9660N,Brother MFC-9700,Brother MFC-9750,Brother MFC-9760,Brother MFC-9800,Brother MFC-9850,Brother MFC-9860,Brother MFC-9870,Brother MFC-9880,Brother MFC-9880N,Brother MFC-P2500,Brother PPF-4750,Brother PPF-5750"
"ZTONER-Brother-TN580-Combo10","Brother","New Compatible Brother TN580 High Yield (10-Pack) Black Laser cartridge Unit (TN-580) - High Yield of TN550","198.9","458.7","259.8","http://www.compandsave.com/ProductDetails.asp?ProductCode=ZTONER-Brother-TN580-Combo10","Brother DCP-8060,Brother DCP-8065,Brother DCP-8065DN,Brother HL-5200,Brother HL-5240,Brother HL-5240LT,Brother HL-5250,Brother HL-5250DN,Brother HL-5250DNHY,Brother HL-5250DNLT,Brother HL-5250DNT,Brother HL-5270DN,Brother HL-5280,Brother HL-5280DW,Brother HL-5280DWLT,Brother MFC-8460N,Brother MFC-8470dn,Brother MFC-8660,Brother MFC-8660DN,Brother MFC-8670DN,Brother MFC-8860DN,Brother MFC-8860N,Brother MFC-8870DW,Brother MFC-8870WN"
"ZTONER-Brother-TN580-Combo2","Brother","New Compatible Brother TN580 High Yield (2-Pack) Black Laser cartridge Unit (TN-580) - High Yield of TN550","50.98","158.7","107.72","http://www.compandsave.com/ProductDetails.asp?ProductCode=ZTONER-Brother-TN580-Combo2","Brother DCP-8060,Brother DCP-8065,Brother DCP-8065DN,Brother HL-5200,Brother HL-5240,Brother HL-5240LT,Brother HL-5250,Brother HL-5250DN,Brother HL-5250DNHY,Brother HL-5250DNLT,Brother HL-5250DNT,Brother HL-5270DN,Brother HL-5280,Brother HL-5280DW,Brother HL-5280DWLT,Brother MFC-8460N,Brother MFC-8470dn,Brother MFC-8660,Brother MFC-8660DN,Brother MFC-8670DN,Brother MFC-8860DN,Brother MFC-8860N,Brother MFC-8870DW,Brother MFC-8870WN"
"ZTONER-Brother-TN580-Combo4","Brother","New Compatible Brother TN580 High Yield (4-Pack) Black Laser cartridge Unit (TN-580) - High Yield of TN550","89.96","258.7","168.74","http://www.compandsave.com/ProductDetails.asp?ProductCode=ZTONER-Brother-TN580-Combo4","Brother DCP-8060,Brother DCP-8065,Brother DCP-8065DN,Brother HL-5200,Brother HL-5240,Brother HL-5240LT,Brother HL-5250,Brother HL-5250DN,Brother HL-5250DNHY,Brother HL-5250DNLT,Brother HL-5250DNT,Brother HL-5270DN,Brother HL-5280,Brother HL-5280DW,Brother HL-5280DWLT,Brother MFC-8460N,Brother MFC-8470dn,Brother MFC-8660,Brother MFC-8660DN,Brother MFC-8670DN,Brother MFC-8860DN,Brother MFC-8860N,Brother MFC-8870DW,Brother MFC-8870WN"
"ZTONER-Brother-TN650-Combo2","Brother","New Compatible Brother TN650 (TN-650) Combo-Pack of 2 High Yield Black Laser Toner cartridge","48.98","99.99","51.01","http://www.compandsave.com/ProductDetails.asp?ProductCode=ZTONER-Brother-TN650-Combo2","Brother DCP-8050DN,Brother DCP-8080DN,Brother DCP-8085DN,Brother HL-5340D,Brother HL-5350DN,Brother HL-5350DNLT,Brother HL-5370DW,Brother HL-5370DWT,Brother HL-5380DN,Brother MFC-8370,Brother MFC-8480DN,Brother MFC-8680DN,Brother MFC-8690DW,Brother MFC-8880DN,Brother MFC-8890DW"
"ZTONER-Brother-TN650-Combo4","Brother","New Compatible Brother TN650 (TN-650) Combo-Pack of 4 High Yield Black Laser Toner cartridge","89.96","169.99","80.03","http://www.compandsave.com/ProductDetails.asp?ProductCode=ZTONER-Brother-TN650-Combo4","Brother DCP-8050DN,Brother DCP-8080DN,Brother DCP-8085DN,Brother HL-5340D,Brother HL-5350DN,Brother HL-5350DNLT,Brother HL-5370DW,Brother HL-5370DWT,Brother HL-5380DN,Brother MFC-8370,Brother MFC-8480DN,Brother MFC-8680DN,Brother MFC-8690DW,Brother MFC-8880DN,Brother MFC-8890DW"
"ZTONER-Canon-104-Combo10","Canon","Replacement for Canon 104 / FX9 / FX10 (10-Pack) Black Laser Toner Cartridge (0263B001A)","219.9","379.99","160.09","http://www.compandsave.com/ProductDetails.asp?ProductCode=ZTONER-Canon-104-Combo10","Canon Faxphone L100,Canon Faxphone L120,Canon Faxphone L90,Canon ImageCLASS D420,Canon ImageCLASS D480,Canon ImageCLASS MF4150,Canon ImageCLASS MF4270,Canon ImageCLASS MF4350d,Canon ImageCLASS MF4370dn,Canon ImageCLASS MF4690"
"ZTONER-Canon-104-Combo2","Canon","Replacement for Canon 104 / FX9 / FX10 (2-Pack) Black Toner Cartridge (0263B001A)","59.98","89.99","30.01","http://www.compandsave.com/ProductDetails.asp?ProductCode=ZTONER-Canon-104-Combo2","Canon Faxphone L100,Canon Faxphone L120,Canon Faxphone L90,Canon ImageCLASS D420,Canon ImageCLASS D480,Canon ImageCLASS MF4150,Canon ImageCLASS MF4270,Canon ImageCLASS MF4350d,Canon ImageCLASS MF4370dn,Canon ImageCLASS MF4690"
"ZTONER-Canon-104-Combo4","Canon","Replacement for Canon 104 / FX9 / FX10 (4-Pack)) Black Laser Toner Cartridge (0263B001A)","109.96","179.99","70.03","http://www.compandsave.com/ProductDetails.asp?ProductCode=ZTONER-Canon-104-Combo4","Canon Faxphone L100,Canon Faxphone L120,Canon Faxphone L90,Canon ImageCLASS D420,Canon ImageCLASS D480,Canon ImageCLASS MF4150,Canon ImageCLASS MF4270,Canon ImageCLASS MF4350d,Canon ImageCLASS MF4370dn,Canon ImageCLASS MF4690"
"ZTONER-Canon-106-Combo2","Canon","Replacement for Canon 106 (Combo Pack of 2) Black Laser Toner Cartridge (0264B001AA)","65.98","109.99","44.01","http://www.compandsave.com/ProductDetails.asp?ProductCode=ZTONER-Canon-106-Combo2","Canon ImageCLASS MF6530,Canon ImageCLASS MF6540,Canon ImageCLASS MF6550,Canon ImageCLASS MF6560,Canon ImageCLASS MF6580,Canon ImageCLASS MF6590,Canon ImageCLASS MF6595,Canon ImageCLASS MF6595cx"
"ZTONER-Canon-120-Combo2","Canon","Replacement for Canon 120 (Combo-Pack of 2) Black Laser Toner Cartridge (2617B001AA)","70.98","149.99","79.01","http://www.compandsave.com/ProductDetails.asp?ProductCode=ZTONER-Canon-120-Combo2","Canon ImageCLASS D1120,Canon ImageCLASS D1150,Canon ImageCLASS D1170,Canon ImageCLASS D1180"
"ZTONER-Canon-120-Combo4","Canon","Replacement for Canon 120 (Combo-Pack of 4) Black Laser Toner Cartridge (2617B001AA)","129.96","199.99","70.03","http://www.compandsave.com/ProductDetails.asp?ProductCode=ZTONER-Canon-120-Combo4","Canon ImageCLASS D1120,Canon ImageCLASS D1150,Canon ImageCLASS D1170,Canon ImageCLASS D1180"
"ZTONER-Canon-128-Combo10","Canon","Replacement for Canon 128 (Bulk Set of 10-Pack) Black Laser Toner Cartridge (3500B001AA)","229.9","466.99","237.09","http://www.compandsave.com/ProductDetails.asp?ProductCode=ZTONER-Canon-128-Combo10","Canon ImageCLASS D550,Canon ImageCLASS MF4412,Canon ImageCLASS MF4420n,Canon ImageCLASS MF4450,Canon ImageCLASS MF4550,Canon ImageCLASS MF4550d,Canon ImageCLASS MF4570dn,Canon ImageCLASS MF4570dw,Canon ImageCLASS MF4580dn"
"ZTONER-Canon-128-Combo2","Canon","Replacement for Canon 128 (Bulk Set of 2-Pack) Black Laser Toner Cartridge (3500B001AA)","54.98","166.99","112.01","http://www.compandsave.com/ProductDetails.asp?ProductCode=ZTONER-Canon-128-Combo2","Canon ImageCLASS D550,Canon ImageCLASS MF4412,Canon ImageCLASS MF4420n,Canon ImageCLASS MF4450,Canon ImageCLASS MF4550,Canon ImageCLASS MF4550d,Canon ImageCLASS MF4570dn,Canon ImageCLASS MF4570dw,Canon ImageCLASS MF4580dn"
"ZTONER-Canon-128-Combo4","Canon","Replacement for Canon 128 (Bulk Set of 4-Pack) Black Laser Toner Cartridge (3500B001AA)","99.96","266.99","167.03","http://www.compandsave.com/ProductDetails.asp?ProductCode=ZTONER-Canon-128-Combo4","Canon ImageCLASS D550,Canon ImageCLASS MF4412,Canon ImageCLASS MF4420n,Canon ImageCLASS MF4450,Canon ImageCLASS MF4550,Canon ImageCLASS MF4550d,Canon ImageCLASS MF4570dn,Canon ImageCLASS MF4570dw,Canon ImageCLASS MF4580dn"
"ZTONER-Canon-E40-Combo2","Canon","Replacement for Canon E-40 E40 (Combo-Pack of 2) Black Laser Toner Cartridge (1491A002AA)","59.98","89.99","30.01","http://www.compandsave.com/ProductDetails.asp?ProductCode=ZTONER-Canon-E40-Combo2","Canon FC-100,Canon FC-120,Canon FC-200,Canon FC-220,Canon FC-224,Canon FC-224S,Canon FC-226,Canon FC-228,Canon FC-230,Canon FC-300,Canon FC-310,Canon FC-330,Canon FC-336,Canon FC-500,Canon K140,Canon K330,Canon K420,Canon K425,Canon K430,Canon PC-140,Canon PC-150,Canon PC-160,Canon PC-170,Canon PC-210,Canon PC-230,Canon PC-300,Canon PC-310,Canon PC-320,Canon PC-325,Canon PC-330,Canon PC-330L,Canon PC-400,Canon PC-420,Canon PC-425,Canon PC-428,Canon PC-430,Canon PC-530,Canon PC-550,Canon PC-700,Canon PC-710,Canon PC-720,Canon PC-730,Canon PC-735,Canon PC-740,Canon PC-745,Canon PC-760,Canon PC-770,Canon PC-775,Canon PC-785,Canon PC-790,Canon PC-795,Canon PC-800,Canon PC-860,Canon PC-880,Canon PC-890,Canon PC-900,Canon PC-920,Canon PC-921,Canon PC-940,Canon PC-941,Canon PC-950,Canon PC-980,Canon PC-981"
"ZTONER-Canon-FX3-Combo2","Canon","Replacement for Canon FX3 FX-3 (Combo Pack of 2) Black Toner Cartridge (H11-6381-220 / 1557A002)","41.99","69.99","28","http://www.compandsave.com/ProductDetails.asp?ProductCode=ZTONER-Canon-FX3-Combo2","Canon C100,Canon CFX-L3500IF,Canon CFX-L4000,Canon CFX-L4500IF,Canon FAX L200,Canon FAX L250,Canon FAX L280,Canon FAX L300,Canon FAX L350,Canon FAX L4000,Canon FAX L4500,Canon FAX L6000,Canon Faxphone L75,Canon Faxphone L80,Canon ImageCLASS 1100,Canon ImageCLASS 1100P,Canon LaserCLASS 1060,Canon LaserCLASS 1060P,Canon LaserCLASS 1100,Canon LaserCLASS 1300,Canon LaserCLASS 2050,Canon LaserCLASS 2060,Canon LaserCLASS 2060P,Canon LaserCLASS 4000,Canon LaserCLASS 4500,Canon LaserCLASS 6000L,Canon MultiPASS L600,Canon MultiPASS L6000"
"ZTONER-Canon-FX8-Combo2","Canon","Replacement for Canon FX8 FX-8 (8955A001AA) Combo Pack of 2 Black Toner Cartridge for LaserClass 510 Printer","55.98","89.99","34.01","http://www.compandsave.com/ProductDetails.asp?ProductCode=ZTONER-Canon-FX8-Combo2","Canon LaserCLASS 510"
"ZTONER-Canon-L50-Combo2","Canon","Replacement (2-Pack) Black Laser Toner Cartridge for Canon 6812A001AA (L-50)","59.98","129.99","70.01","http://www.compandsave.com/ProductDetails.asp?ProductCode=ZTONER-Canon-L50-Combo2","Canon ImageCLASS D660,Canon ImageCLASS D661,Canon ImageCLASS D680,Canon ImageCLASS D760,Canon ImageCLASS D761,Canon ImageCLASS D780,Canon ImageCLASS D860,Canon ImageCLASS D861,Canon ImageCLASS D880,Canon PC-1060,Canon PC-1061,Canon PC-1080F"
"ZTONER-Canon-L50-Combo4","Canon","Replacement (4-Pack) Black Laser Toner Cartridge for Canon 6812A001AA (L-50)","109.96","229.99","120.03","http://www.compandsave.com/ProductDetails.asp?ProductCode=ZTONER-Canon-L50-Combo4","Canon ImageCLASS D660,Canon ImageCLASS D661,Canon ImageCLASS D680,Canon ImageCLASS D760,Canon ImageCLASS D761,Canon ImageCLASS D780,Canon ImageCLASS D860,Canon ImageCLASS D861,Canon ImageCLASS D880,Canon PC-1060,Canon PC-1061,Canon PC-1080F"
"ZTONER-Canon-S35-Combo2","Canon","Replacement for Canon S35 S-35 (Combo Pack of 2) Black Toner Cartridge (7833A001AA)","55.98","159.99","104.01","http://www.compandsave.com/ProductDetails.asp?ProductCode=ZTONER-Canon-S35-Combo2","Canon Digital Copier ICD-340,Canon Faxphone L170,Canon ImageCLASS D320,Canon ImageCLASS D340,Canon ImageCLASS D383"
"ZTONER-Canon-X25-Combo2","Canon","Replacement for Canon X25 X-25 Commbo Pack of 2 Black Toner Ca rtridge (8489A001AA)","47.98","89.99","42.01","http://www.compandsave.com/ProductDetails.asp?ProductCode=ZTONER-Canon-X25-Combo2","Canon ImageCLASS MF3110,Canon ImageCLASS MF3111,Canon ImageCLASS MF3112,Canon ImageCLASS MF3240,Canon ImageCLASS MF530,Canon ImageCLASS MF5530,Canon ImageCLASS MF5550,Canon ImageCLASS MF5650,Canon ImageCLASS MF5730,Canon ImageCLASS MF5750,Canon ImageCLASS MF5770,Canon LBP-3200"
"ZTONER-Dell-1320c-Combo4","Dell","New Compatible Dell 1320 (Combo Pack of 4) High Yield Toner Cartridge for Dell 1320c Color Laser Printer","53.96","96.99","43.03","http://www.compandsave.com/ProductDetails.asp?ProductCode=ZTONER-Dell-1320c-Combo4","Dell 1320c"
"ZTONER-Dell-2150-Combo4","Dell","Replacement Full Set Bundle Toner to replace Dell 2150cn / 2155cn (2150/2155) High Yield Toner Cartridge","79.96","287.99","208.03","http://www.compandsave.com/ProductDetails.asp?ProductCode=ZTONER-Dell-2150-Combo4","Dell 2150cdn,Dell 2150cn,Dell 2155cdn,Dell 2155cn"
"ZTONER-Dell-7H53W-Combo10","Dell","Compatible Dell 330-9523 (7H53W) 10-Pack High Yield Black Toner Cartridge for Dell 1130 Laser Printer","419.9","879.99","460.09","http://www.compandsave.com/ProductDetails.asp?ProductCode=ZTONER-Dell-7H53W-Combo10","Dell 1130,Dell 1130n,Dell 1133,Dell 1135n"
"ZTONER-Dell-7H53W-Combo2","Dell","Compatible Dell 330-9523 (7H53W) 2-Pack High Yield Black Toner Cartridge for Dell 1130 Laser Printer","99.98","149.99","50.01","http://www.compandsave.com/ProductDetails.asp?ProductCode=ZTONER-Dell-7H53W-Combo2","Dell 1130,Dell 1130n,Dell 1133,Dell 1135n"
"ZTONER-Dell-7H53W-Combo4","Dell","Compatible Dell 330-9523 (7H53W) 4-Pack High Yield Black Toner Cartridge for Dell 1130 Laser Printer","179.96","279.99","100.03","http://www.compandsave.com/ProductDetails.asp?ProductCode=ZTONER-Dell-7H53W-Combo4","Dell 1130,Dell 1130n,Dell 1133,Dell 1135n"
"ZTONER-Dell-GC502-Combo2","Dell","Compatible Dell 310-6640 (GC502) Combo Pack of 2 Black Toner Cartridge for Dell 1100 & 1100 Laser Printer","53.99","79.99","26","http://www.compandsave.com/ProductDetails.asp?ProductCode=ZTONER-Dell-GC502-Combo2","Dell 1100,Dell 1110"
"ZTONER-Dell-GR332-Combo10","Dell","New Compatible Dell 310-8707 (GR332) Black Toner Cartridge for Dell 1720 Laser Printer (Bulk Set of 10-Pack)","249.9","509.99","260.09","http://www.compandsave.com/ProductDetails.asp?ProductCode=ZTONER-Dell-GR332-Combo10","Dell 1720,Dell 1720dn"
"ZTONER-Dell-GR332-Combo2","Dell","New Compatible Dell 310-8707 (GR332) Black Toner Cartridge for Dell 1720 Laser Printer (Bulk Set of 2-Pack)","69.98","109.99","40.01","http://www.compandsave.com/ProductDetails.asp?ProductCode=ZTONER-Dell-GR332-Combo2","Dell 1720,Dell 1720dn"
"ZTONER-Dell-GR332-Combo4","Dell","New Compatible Dell 310-8707 (GR332) Black Toner Cartridge for Dell 1720 Laser Printer (Bulk Set of 4-Pack)","119.96","209.99","90.03","http://www.compandsave.com/ProductDetails.asp?ProductCode=ZTONER-Dell-GR332-Combo4","Dell 1720,Dell 1720dn"
"ZTONER-Dell-X5015-Combo2","Dell","Compatible Dell 310-5417 (X5015) Combo Pack of 2 Black Toner Cartridge for Dell 1600 / 1600n Laser Printer","71.98","77.99","6.01","http://www.compandsave.com/ProductDetails.asp?ProductCode=ZTONER-Dell-X5015-Combo2","Dell 1600,Dell 1600N"
"ZTONER-Dell-Y5007-Combo2","Dell","Compatible Dell 310-5400 (Y5007) Combo Pack of 2 Black Toner Cartridge for Dell 1700 / 1710 / 1710n Laser Printer","81.98","127.99","46.01","http://www.compandsave.com/ProductDetails.asp?ProductCode=ZTONER-Dell-Y5007-Combo2","Dell 1700,Dell 1700N,Dell 1710,Dell 1710N,Dell P1700,Dell P1700N"
"ZTONER-HP-C7115X-Combo2","HP","Replacement (Combo Pack of 2) High Yield Black Laser Toner Cartridge for Hewlett Packard (HP) C7115X (15X)","43.98","79.46","35.48","http://www.compandsave.com/ProductDetails.asp?ProductCode=ZTONER-HP-C7115X-Combo2","HP LaserJet 1000,HP LaserJet 1005W,HP LaserJet 1200,HP LaserJet 1200n,HP LaserJet 1200se,HP LaserJet 1220,HP LaserJet 1220se,HP LaserJet 3300,HP LaserJet 3300mfp,HP LaserJet 3310,HP LaserJet 3310mfp,HP LaserJet 3320,HP LaserJet 3320mfp,HP LaserJet 3320n,HP LaserJet 3320nmfp,HP LaserJet 3330,HP LaserJet 3330mfp,HP LaserJet 3380"
"ZTONER-HP-C9700-3A-Combo4","HP","Replacement Laser Toner Cartridge for Hewlett Packard (HP) C9700A Black, C9701A Cyan, C9703A Magenta & C9702A Yellow (Combo Pack of 4)","173.96","279.99","106.03","http://www.compandsave.com/ProductDetails.asp?ProductCode=ZTONER-HP-C9700-3A-Combo4","HP Color LaserJet 1500,HP Color LaserJet 1500L,HP Color LaserJet 1500LXI,HP Color LaserJet 2500,HP Color LaserJet 2500L,HP Color LaserJet 2500n,HP Color LaserJet 2500tn"
"ZTONER-HP-C9720-3A-Combo4","HP","Replacement (Combo Pack of 4) Laser Toner Cartridge for Hewlett Packard (HP) C9720A Black, C9721A Cyan, C9723A Magenta & C9722A Yellow","246.96","329.99","83.03","http://www.compandsave.com/ProductDetails.asp?ProductCode=ZTONER-HP-C9720-3A-Combo4","HP Color LaserJet 4600,HP Color LaserJet 4600 dn,HP Color LaserJet 4600 dtn,HP Color LaserJet 4600 hdn,HP Color LaserJet 4650,HP Color LaserJet 4650dn,HP Color LaserJet 4650dtn,HP Color LaserJet 4650hdn,HP Color LaserJet 4650n"
"ZTONER-HP-C9730-3A-Combo4","HP","Replacement Color Laser Toner Cartridge for Hewlett Packard (HP) C9730A Black, C9731A Cyan, C9733A Magenta, C9732A Yellow (Combo Pack of 4)","339.96","679.99","340.03","http://www.compandsave.com/ProductDetails.asp?ProductCode=ZTONER-HP-C9730-3A-Combo4","HP Color LaserJet 5500,HP Color LaserJet 5500dn,HP Color LaserJet 5500dtn,HP Color LaserJet 5500hdn,HP Color LaserJet 5500n,HP Color LaserJet 5550,HP Color LaserJet 5550dn,HP Color LaserJet 5550dtn,HP Color LaserJet 5550hdn,HP Color LaserJet 5550n"
"ZTONER-HP-CB435A-Combo10","HP","Replacement for HP CB435A (35A) 10-Pack Black Laser Toner Cartridge for Hewlett Packard (HP) P1005 & P1006","199.9","390.99","191.09","http://www.compandsave.com/ProductDetails.asp?ProductCode=ZTONER-HP-CB435A-Combo10","HP LaserJet P1005,HP LaserJet P1006"
"ZTONER-HP-CB435A-Combo2","HP","Replacement for HP CB435A (35A) 2-Pack Black Laser Toner Cartridge for Hewlett Packard (HP) P1005 & P1006","49.98","90.99","41.01","http://www.compandsave.com/ProductDetails.asp?ProductCode=ZTONER-HP-CB435A-Combo2","HP LaserJet P1005,HP LaserJet P1006"
"ZTONER-HP-CB435A-Combo4","HP","Replacement for HP CB435A (35A) 4-Pack Black Laser Toner Cartridge for Hewlett Packard (HP) P1005 & P1006","89.96","190.99","101.03","http://www.compandsave.com/ProductDetails.asp?ProductCode=ZTONER-HP-CB435A-Combo4","HP LaserJet P1005,HP LaserJet P1006"
